total_queries,avg_total_answers,avg_retrieved_count,avg_missed_count,avg_recall@20,avg_recall@50,avg_hit@1,avg_hit@5,avg_mrr,recall@20_vss_merged
280,2.5,1.0928571428571427,1.4071428571428573,0.4992308286951143,0.4992308286951143,0.3142857142857143,0.44285714285714284,0.3727757460793175,0.6255200602968459
