Method,Dataset,Hit@1,Hit@5,MRR,Recall@20,Num_queries
3,prime,0.29642857142857143,0.5285714285714286,0.3970313445891177,0.5967368841475984,280
