total_queries,avg_total_answers,avg_retrieved_count,avg_missed_count,avg_recall@20,avg_recall@50,avg_hit@1,avg_hit@5,avg_mrr,recall@20_vss_merged
164,5.5060975609756095,1.4695121951219512,4.036585365853658,0.3722175301981615,0.3722175301981615,0.2682926829268293,0.4268292682926829,0.33882098592464455,0.47903699123541693
