Metric,New,Old,Delta
MRR,0.44427971792937515,0.44440158864735935,-0.00012187071798419602
Hit@1,0.3464285714285714,0.36428571428571427,-0.01785714285714285
Hit@5,0.5642857142857143,0.5428571428571428,0.021428571428571463
