total_queries,avg_total_answers,avg_retrieved_count,avg_missed_count,avg_recall@20,avg_recall@50,avg_hit@1,avg_hit@5,avg_mrr,recall@20_vss_merged
266,2.857142857142857,1.7969924812030076,1.0601503759398496,0.6716433941997851,0.6716433941997851,0.4398496240601504,0.5939849624060151,0.5129554852889893,0.6420990603074102
