total_queries,avg_total_answers,avg_retrieved_count,avg_missed_count,avg_recall@20,avg_recall@50,avg_hit@1,avg_hit@5,avg_mrr,recall@20_vss_merged
280,2.5,1.4642857142857142,1.0357142857142858,0.6234240362811792,0.6234240362811792,0.36428571428571427,0.5392857142857143,0.44410396959974024,0.7033657364460936
