total_queries,avg_total_answers,avg_retrieved_count,avg_missed_count,avg_recall@20,avg_recall@50,avg_hit@1,avg_hit@5,avg_mrr,recall@20_vss_merged
278,2.4928057553956835,0.4244604316546763,2.068345323741007,0.21654676258992805,0.21654676258992805,0.11870503597122302,0.1906474820143885,0.15094402499978038,0.48754885701828143
