total_queries_processed,avg_total_answers,avg_retrieved_count,avg_missed_count,avg_recall@20,avg_recall@50,avg_hit@1,avg_hit@5,avg_mrr,recall@20_vss_merged
280,2.3857142857142857,1.3857142857142857,1.0,0.6110380591630592,0.6110380591630592,0.325,0.5321428571428571,0.4140044591477862,0.6706612038754897
