total_queries,avg_total_answers,avg_retrieved_count,avg_missed_count,avg_recall@20,avg_recall@50,avg_hit@1,avg_hit@5,avg_mrr,recall@20_vss_merged
164,5.5060975609756095,1.4390243902439024,4.067073170731708,0.3633071072678319,0.3633071072678319,0.2682926829268293,0.4451219512195122,0.34302792646139146,0.5538991450994493
