Metric,New,Old,Delta
MRR,0.41714006231863376,0.4444015886473593,-0.027261526328725527
Hit@1,0.31785714285714284,0.36428571428571427,-0.04642857142857143
Hit@5,0.5535714285714286,0.5428571428571428,0.010714285714285787
