total_queries,avg_total_answers,avg_retrieved_count,avg_missed_count,avg_recall@20,avg_recall@50,avg_hit@1,avg_hit@5,avg_mrr,recall@20_vss_merged
280,2.4035714285714285,1.4392857142857143,0.9642857142857143,0.6191425092764379,0.6191425092764379,0.32857142857142857,0.5357142857142857,0.4205925554186832,0.684333474065617
