total_queries,avg_total_answers,avg_retrieved_count,avg_missed_count,avg_recall@20,avg_recall@50,avg_hit@1,avg_hit@5,avg_mrr,avg_recall@20_alpha_12,avg_recall@20_alpha_13,avg_recall@20_alpha_14,avg_recall@20_alpha_15,avg_recall@20_alpha_16,avg_recall@20_alpha_17,avg_recall@20_alpha_18,avg_recall@20_alpha_19,avg_recall@20_alpha_20
280,2.5,1.2214285714285715,1.2785714285714285,0.5312382657025515,0.5312382657025515,0.2571428571428571,0.44285714285714284,0.34254002189760707,0.5424617247831534,0.5388207229278658,0.5421257115899973,0.5386931719074577,0.5342641881927596,0.5348367505510363,0.5446184965827824,0.5414070453356168,0.5312382657025515
