total_queries,avg_total_answers,avg_retrieved_count,avg_missed_count,avg_recall@20,avg_recall@50,avg_hit@1,avg_hit@5,avg_mrr,recall@20_vss_merged
258,2.883720930232558,1.8449612403100775,1.0387596899224807,0.6737679955703211,0.6737679955703211,0.46124031007751937,0.6124031007751938,0.5349470038405527,0.6472010128680876
