total_queries_processed,avg_total_answers,avg_retrieved_count,avg_missed_count,avg_recall@20,avg_recall@50,avg_hit@1,avg_hit@5,avg_mrr,recall@20_vss_merged
280,2.4107142857142856,1.4642857142857142,0.9464285714285714,0.6221485260770976,0.6221485260770976,0.35714285714285715,0.5285714285714286,0.4371097039447604,0.6985855364873222
