total_queries_processed,avg_total_answers,avg_retrieved_count,avg_missed_count,avg_recall@20,avg_recall@50,avg_hit@1,avg_hit@5,avg_mrr,recall@20_vss_merged
265,2.4641509433962265,1.4754716981132074,0.9886792452830189,0.6154776879305183,0.6154776879305183,0.35471698113207545,0.5283018867924528,0.4337312982173955,0.694100234147404
