total_queries,avg_total_answers,avg_retrieved_count,avg_missed_count,avg_recall@20,avg_recall@50,avg_hit@1,avg_hit@5,avg_mrr,recall@20_vss_merged
261,2.888888888888889,1.8850574712643677,1.003831417624521,0.6768153621601898,0.6768153621601898,0.4674329501915709,0.6091954022988506,0.5356838662156977,0.6449008856752353
