total_queries,avg_total_answers,avg_retrieved_count,avg_missed_count,avg_recall@20,avg_recall@50,avg_hit@1,avg_hit@5,avg_mrr,recall@20_vss_merged
277,2.5162454873646207,1.5018050541516246,1.0144404332129964,0.6385557483030407,0.6385557483030407,0.34296028880866425,0.5523465703971119,0.4366534970824349,0.7146033569318768
