total_queries,avg_total_answers,avg_retrieved_count,avg_missed_count,avg_recall@20,avg_recall@50,avg_hit@1,avg_hit@5,avg_mrr,avg_recall@20_alpha_12,avg_recall@20_alpha_13,avg_recall@20_alpha_14,avg_recall@20_alpha_15,avg_recall@20_alpha_16,avg_recall@20_alpha_17,avg_recall@20_alpha_18,avg_recall@20_alpha_19,avg_recall@20_alpha_20
280,2.5,1.3678571428571429,1.1321428571428571,0.5661714079571223,0.5661714079571223,0.2857142857142857,0.475,0.3753711527550537,0.5958258210043924,0.5987991770134627,0.6008964646464646,0.5988726551226552,0.6016646052360338,0.6061288909503195,0.6125773036487323,0.5989661925376213,0.5735693671407958
