Metric,New,Old,Delta
MRR,0.5299000279476285,0.5392337395791345,-0.009333711631505981
Hit@1,0.425,0.5,-0.07500000000000001
Hit@5,0.575,0.5,0.07499999999999996
