total_queries,avg_total_answers,avg_retrieved_count,avg_missed_count,avg_recall@20,avg_recall@50,avg_hit@1,avg_hit@5,avg_mrr,recall@20_vss_merged
280,2.5,1.4678571428571427,1.0321428571428573,0.6252097505668934,0.6252097505668934,0.36428571428571427,0.5428571428571428,0.4444015886473593,0.6899184446505875
