Metric,New,Old,Delta
MRR,0.4031746031746032,0.5263742690058479,-0.12319966583124475
Hit@1,0.3,0.5,-0.2
Hit@5,0.5,0.5,0.0
