id,orig_mrr,new_mrr,orig_h1,new_h1,orig_h5,new_h5
1340,0.05555555555555555,0.06666666666666667,0.0,0.0,0.0,0.0
9382,1.0,0.3333333333333333,1.0,0.0,1.0,1.0
7867,0.05,0.05,0.0,0.0,0.0,0.0
1172,1.0,1.0,1.0,1.0,1.0,1.0
7047,0.05,0.05555555555555555,0.0,0.0,0.0,0.0
8939,0.05555555555555555,0.05,0.0,0.0,0.0,0.0
7945,1.0,1.0,1.0,1.0,1.0,1.0
967,0.05263157894736842,0.14285714285714285,0.0,0.0,0.0,0.0
631,1.0,1.0,1.0,1.0,1.0,1.0
3365,1.0,0.3333333333333333,1.0,0.0,1.0,1.0
