total_queries,avg_total_answers,avg_retrieved_count,avg_missed_count,avg_recall@20,avg_recall@50,avg_hit@1,avg_hit@5,avg_mrr,avg_recall@20_alpha_12,avg_recall@20_alpha_13,avg_recall@20_alpha_14,avg_recall@20_alpha_15,avg_recall@20_alpha_16,avg_recall@20_alpha_17,avg_recall@20_alpha_18,avg_recall@20_alpha_19,avg_recall@20_alpha_20
280,2.5,1.4321428571428572,1.0678571428571428,0.5749100700886417,0.5749100700886417,0.29285714285714287,0.48214285714285715,0.37759578991086074,0.5817696985554128,0.5850347866419296,0.5908723716759431,0.5967368841475985,0.6003720882292313,0.6057249793856937,0.5997825190682334,0.5947272469593899,0.5749100700886417
