total_queries,avg_total_answers,avg_retrieved_count,avg_missed_count,avg_recall@20,avg_recall@50,avg_hit@1,avg_hit@5,avg_mrr,recall@20_vss_merged
266,2.857142857142857,1.8120300751879699,1.0451127819548873,0.6730322830886741,0.6730322830886741,0.46616541353383456,0.6165413533834586,0.5385965700681477,0.7149478489456724
