total_queries,avg_total_answers,avg_retrieved_count,avg_missed_count,avg_recall@20,avg_recall@50,avg_hit@1,avg_hit@5,avg_mrr,recall@20_vss_merged
239,2.903765690376569,1.8410041841004183,1.0627615062761506,0.6695673108853025,0.6695673108853025,0.4560669456066946,0.6108786610878661,0.5314188781613034,0.699481706357945
