total_queries,avg_total_answers,avg_retrieved_count,avg_missed_count,avg_recall@20,avg_recall@50,avg_hit@1,avg_hit@5,avg_mrr,recall@20_vss_merged
274,2.478102189781022,1.4963503649635037,0.9817518248175182,0.6499210035706386,0.6499210035706386,0.354014598540146,0.5620437956204379,0.4474964696271842,0.7129811540851687
