Metric,New,Old,Delta
MRR,0.416345251970252,0.44440158864735935,-0.02805633667710733
Hit@1,0.3142857142857143,0.36428571428571427,-0.04999999999999999
Hit@5,0.5607142857142857,0.5428571428571428,0.017857142857142905
