total_queries,avg_total_answers,avg_retrieved_count,avg_missed_count,avg_recall@20,avg_recall@50,avg_hit@1,avg_hit@5,avg_mrr,recall@20_vss_merged
263,2.870722433460076,1.8517110266159695,1.0190114068441065,0.7086122308305618,0.7086122308305618,0.44106463878326996,0.5893536121673004,0.5229703062642532,0.6817970147167661
