total_queries,avg_total_answers,avg_retrieved_count,avg_missed_count,avg_recall@20,avg_recall@50,avg_hit@1,avg_hit@5,avg_mrr,avg_recall@20_alpha_12,avg_recall@20_alpha_13,avg_recall@20_alpha_14,avg_recall@20_alpha_15,avg_recall@20_alpha_16,avg_recall@20_alpha_17,avg_recall@20_alpha_18,avg_recall@20_alpha_19,avg_recall@20_alpha_20
280,2.5,1.2392857142857143,1.2607142857142857,0.5456527004741292,0.5456527004741292,0.2571428571428571,0.46785714285714286,0.34767480811487894,0.5549641429998573,0.5558541656755943,0.5647995258709545,0.5649979385693672,0.5670812719027005,0.5706527004741291,0.5744225417439704,0.5658907957122243,0.5492241290455577
