total_queries,avg_total_answers,avg_retrieved_count,avg_missed_count,avg_recall@20,avg_recall@50,avg_hit@1,avg_hit@5,avg_mrr,avg_recall@20_alpha_12,avg_recall@20_alpha_13,avg_recall@20_alpha_14,avg_recall@20_alpha_15,avg_recall@20_alpha_16,avg_recall@20_alpha_17,avg_recall@20_alpha_18,avg_recall@20_alpha_19,avg_recall@20_alpha_20
280,2.5,1.3607142857142858,1.1392857142857142,0.5698307050092766,0.5698307050092766,0.26785714285714285,0.475,0.3613770380560518,0.5834788822288823,0.5870160791589364,0.595574752628324,0.5997782673675532,0.6031753762110906,0.6022244124922698,0.5975886415172131,0.5944267934446507,0.5698307050092766
