total_queries,avg_total_answers,avg_retrieved_count,avg_missed_count,avg_recall@20,avg_recall@50,avg_hit@1,avg_hit@5,avg_mrr,avg_recall@20_alpha_12,avg_recall@20_alpha_13,avg_recall@20_alpha_14,avg_recall@20_alpha_15,avg_recall@20_alpha_16,avg_recall@20_alpha_17,avg_recall@20_alpha_18,avg_recall@20_alpha_19,avg_recall@20_alpha_20
280,2.5,1.3642857142857143,1.1357142857142857,0.5347102401566689,0.5347102401566689,0.2571428571428571,0.4392857142857143,0.33721488754991646,0.5561744604601748,0.5585892084106371,0.5647074056895486,0.5695387548958979,0.5726977685013401,0.5765965780251495,0.5718786075036076,0.5577161925376213,0.5382816687280975
