total_queries,avg_total_answers,avg_retrieved_count,avg_missed_count,avg_recall@20,avg_recall@50,avg_hit@1,avg_hit@5,avg_mrr,recall@20_vss_merged
266,2.481203007518797,2.0676691729323307,0.41353383458646614,0.5791846470813625,0.7364616899391335,0.41729323308270677,0.5864661654135338,0.49790744759998584,0.5596637269866395
