total_queries,avg_total_answers,avg_retrieved_count,avg_missed_count,avg_recall@20,avg_recall@50,avg_hit@1,avg_hit@5,avg_mrr,recall@20_vss_merged
32,7.90625,2.5625,5.34375,0.2772301848370927,0.2772301848370927,0.21875,0.3125,0.28694929202741704,0.24080840121136174
