total_queries,avg_total_answers,avg_retrieved_count,avg_missed_count,avg_recall@20,avg_recall@50,avg_hit@1,avg_hit@5,avg_mrr,recall@20_vss_merged
280,2.5,1.4678571428571427,1.0321428571428573,0.6239342403628119,0.6239342403628119,0.35714285714285715,0.5285714285714286,0.43728827537333176,0.7005422850958565
