total_queries,avg_total_answers,avg_retrieved_count,avg_missed_count,avg_recall@20,avg_recall@50,avg_hit@1,avg_hit@5,avg_mrr,recall@20_vss_merged
259,2.8996138996139,1.864864864864865,1.0347490347490347,0.6772798308512594,0.6772798308512594,0.4594594594594595,0.6023166023166023,0.5325410192891395,0.6647150372714283
