Metric,New,Old,Delta
MRR,0.4077670705443262,0.4444015886473593,-0.03663451810303309
Hit@1,0.31785714285714284,0.36428571428571427,-0.04642857142857143
Hit@5,0.55,0.5428571428571428,0.0071428571428572285
