Method,Dataset,Hit@1,Hit@5,MRR,Recall@20,Num_queries
3,prime,0.3142857142857143,0.5035714285714286,0.39545271473207116,0.5749100700886416,280
