Metric,New,Old,Delta
MRR,0.444772342211943,0.44440158864735935,0.00037075356458365905
Hit@1,0.35714285714285715,0.36428571428571427,-0.0071428571428571175
Hit@5,0.5607142857142857,0.5428571428571428,0.017857142857142905
