total_queries,avg_total_answers,avg_retrieved_count,avg_missed_count,avg_recall@20,avg_recall@50,avg_hit@1,avg_hit@5,avg_mrr
127,5.480314960629921,1.8976377952755905,3.5826771653543306,0.3762766876476928,0.4542196764174532,0.2283464566929134,0.4015748031496063,0.304952139177764
