total_queries_processed,avg_total_answers,avg_retrieved_count,avg_missed_count,avg_recall@20,avg_recall@50,avg_hit@1,avg_hit@5,avg_mrr,recall@20_vss_merged
269,2.513011152416357,1.5576208178438662,0.9553903345724907,0.6388568370910379,0.674190524469335,0.38661710037174724,0.5799256505576208,0.4667020061378029,0.6431088221980416
