total_queries,avg_total_answers,avg_retrieved_count,avg_missed_count,avg_recall@20,avg_recall@50,avg_hit@1,avg_hit@5,avg_mrr,recall@20_vss_merged
164,5.5060975609756095,1.5365853658536586,3.9695121951219514,0.3620174889274602,0.3620174889274602,0.2804878048780488,0.4146341463414634,0.3378364014034746,0.4730384818339303
