total_queries,avg_total_answers,avg_retrieved_count,avg_missed_count,avg_recall@20,avg_recall@50,avg_hit@1,avg_hit@5,avg_mrr,recall@20_vss_merged
7,4.142857142857143,0.5714285714285714,3.5714285714285716,0.42857142857142855,0.42857142857142855,0.14285714285714285,0.42857142857142855,0.23809523809523808,0.7142857142857143
