total_queries,avg_total_answers,avg_retrieved_count,avg_missed_count,avg_recall@20,avg_recall@50,avg_hit@1,avg_hit@5,avg_mrr,recall@20_vss_merged
101,5.257425742574258,1.5643564356435644,3.6930693069306932,0.4100564096487218,0.4100564096487218,0.2871287128712871,0.40594059405940597,0.3486678338163487,0.5677112763669794
