total_queries,avg_total_answers,avg_retrieved_count,avg_missed_count,avg_recall@20,avg_recall@50,avg_hit@1,avg_hit@5,avg_mrr,recall@20_vss_merged
164,5.5060975609756095,1.5060975609756098,4.0,0.3818201565690805,0.3818201565690805,0.2865853658536585,0.4024390243902439,0.3441660304465183,0.5498754173473837
