total_queries,avg_total_answers,avg_retrieved_count,avg_missed_count,avg_recall@20,avg_recall@50,avg_hit@1,avg_hit@5,avg_mrr,recall@20_vss_merged
70,2.914285714285714,1.457142857142857,1.457142857142857,0.5825396825396825,0.5825396825396825,0.35714285714285715,0.5428571428571428,0.43350108225108225,0.6522562358276645
